residue_index_0based,residue_index_1based,hit_count,weighted_attention
0,1,218,218.0
1,2,428,428.0
2,3,578,578.0
3,4,840,840.0
4,5,910,910.0
5,6,1003,1003.0
6,7,1070,1070.0
7,8,1024,1024.0
8,9,981,981.0
9,10,978,978.0
10,11,918,918.0
11,12,1002,1002.0
12,13,874,874.0
13,14,848,848.0
14,15,834,834.0
15,16,758,758.0
16,17,710,710.0
17,18,855,855.0
18,19,926,926.0
19,20,1140,1140.0
20,21,1219,1219.0
21,22,1155,1155.0
22,23,917,917.0
23,24,858,858.0
24,25,683,683.0
25,26,663,663.0
26,27,645,645.0
27,28,567,567.0
28,29,543,543.0
29,30,590,590.0
30,31,718,718.0
31,32,828,828.0
32,33,792,792.0
33,34,752,752.0
34,35,728,728.0
35,36,782,782.0
36,37,792,792.0
37,38,756,756.0
38,39,677,677.0
39,40,467,467.0
40,41,575,575.0
41,42,589,589.0
42,43,641,641.0
43,44,795,795.0
44,45,834,834.0
45,46,976,976.0
46,47,1100,1100.0
47,48,1033,1033.0
48,49,897,897.0
49,50,771,771.0
50,51,680,680.0
51,52,481,481.0
52,53,472,472.0
53,54,542,542.0
54,55,674,674.0
55,56,829,829.0
56,57,950,950.0
57,58,1127,1127.0
58,59,1074,1074.0
59,60,928,928.0
60,61,792,792.0
61,62,629,629.0
62,63,616,616.0
63,64,689,689.0
64,65,790,790.0
65,66,821,821.0
66,67,911,911.0
67,68,960,960.0
68,69,916,916.0
69,70,913,913.0
70,71,930,930.0
71,72,913,913.0
72,73,840,840.0
73,74,786,786.0
74,75,602,602.0
75,76,543,543.0
76,77,427,427.0
77,78,416,416.0
78,79,411,411.0
79,80,417,417.0
80,81,493,493.0
81,82,629,629.0
82,83,835,835.0
83,84,889,889.0
84,85,1144,1144.0
85,86,1016,1016.0
86,87,933,933.0
87,88,847,847.0
88,89,531,531.0
89,90,571,571.0
90,91,513,513.0
91,92,479,479.0
92,93,657,657.0
93,94,794,794.0
94,95,836,836.0
95,96,830,830.0
96,97,748,748.0
97,98,686,686.0
98,99,830,830.0
99,100,897,897.0
100,101,1015,1015.0
101,102,1052,1052.0
102,103,970,970.0
103,104,1085,1085.0
104,105,1026,1026.0
105,106,983,983.0
106,107,916,916.0
107,108,785,785.0
108,109,780,780.0
109,110,709,709.0
110,111,776,776.0
111,112,841,841.0
112,113,899,899.0
113,114,853,853.0
114,115,1014,1014.0
115,116,1029,1029.0
116,117,920,920.0
117,118,1085,1085.0
118,119,809,809.0
119,120,827,827.0
120,121,936,936.0
121,122,950,950.0
122,123,678,678.0
123,124,509,509.0
124,125,439,439.0
125,126,653,653.0
126,127,805,805.0
127,128,949,949.0
128,129,992,992.0
129,130,1094,1094.0
130,131,1089,1089.0
131,132,1116,1116.0
132,133,1143,1143.0
133,134,1140,1140.0
134,135,932,932.0
135,136,784,784.0
136,137,669,669.0
137,138,749,749.0
138,139,867,867.0
139,140,917,917.0
140,141,951,951.0
141,142,1106,1106.0
142,143,914,914.0
143,144,833,833.0
144,145,825,825.0
145,146,748,748.0
146,147,828,828.0
147,148,879,879.0
148,149,986,986.0
149,150,819,819.0
150,151,657,657.0
151,152,774,774.0
152,153,1093,1093.0
153,154,1293,1293.0
154,155,1397,1397.0
155,156,1278,1278.0
156,157,1391,1391.0
157,158,1573,1573.0
158,159,1262,1262.0
159,160,1196,1196.0
160,161,1020,1020.0
161,162,1041,1041.0
162,163,927,927.0
163,164,1019,1019.0
164,165,926,926.0
165,166,837,837.0
166,167,715,715.0
167,168,674,674.0
168,169,1328,1328.0
169,170,1785,1785.0
170,171,1851,1851.0
171,172,1982,1982.0
172,173,1630,1630.0
173,174,1061,1061.0
174,175,954,954.0
175,176,826,826.0
176,177,802,802.0
177,178,669,669.0
178,179,784,784.0
179,180,835,835.0
180,181,1203,1203.0
181,182,1323,1323.0
182,183,1308,1308.0
183,184,1516,1516.0
184,185,1196,1196.0
185,186,1218,1218.0
186,187,1234,1234.0
187,188,1012,1012.0
188,189,1059,1059.0
189,190,1199,1199.0
190,191,1136,1136.0
191,192,1069,1069.0
192,193,1081,1081.0
193,194,1034,1034.0
194,195,1089,1089.0
195,196,1216,1216.0
196,197,1089,1089.0
197,198,921,921.0
198,199,833,833.0
199,200,795,795.0
200,201,683,683.0
201,202,726,726.0
202,203,766,766.0
203,204,730,730.0
204,205,705,705.0
205,206,745,745.0
206,207,779,779.0
207,208,755,755.0
208,209,732,732.0
209,210,626,626.0
210,211,493,493.0
211,212,471,471.0
212,213,486,486.0
213,214,514,514.0
214,215,544,544.0
215,216,972,972.0
216,217,1017,1017.0
217,218,1017,1017.0
218,219,995,995.0
219,220,616,616.0
220,221,693,693.0
221,222,848,848.0
222,223,989,989.0
223,224,926,926.0
224,225,822,822.0
225,226,826,826.0
226,227,754,754.0
227,228,800,800.0
228,229,878,878.0
229,230,821,821.0
230,231,748,748.0
231,232,659,659.0
232,233,524,524.0
233,234,602,602.0
234,235,532,532.0
235,236,574,574.0
236,237,717,717.0
237,238,1555,1555.0
238,239,1602,1602.0
239,240,1839,1839.0
240,241,1965,1965.0
241,242,1250,1250.0
242,243,1128,1128.0
243,244,1197,1197.0
244,245,1013,1013.0
245,246,1016,1016.0
246,247,1666,1666.0
247,248,1853,1853.0
248,249,1862,1862.0
249,250,1845,1845.0
250,251,1614,1614.0
251,252,1056,1056.0
252,253,1053,1053.0
253,254,1202,1202.0
254,255,1206,1206.0
255,256,1118,1118.0
256,257,1085,1085.0
257,258,863,863.0
258,259,579,579.0
259,260,681,681.0
260,261,832,832.0
261,262,1084,1084.0
262,263,1238,1238.0
263,264,1137,1137.0
264,265,967,967.0
265,266,745,745.0
266,267,669,669.0
267,268,567,567.0
268,269,516,516.0
269,270,575,575.0
270,271,530,530.0
271,272,525,525.0
272,273,549,549.0
273,274,647,647.0
274,275,965,965.0
275,276,1259,1259.0
276,277,1342,1342.0
277,278,1213,1213.0
278,279,1328,1328.0
279,280,1146,1146.0
280,281,1095,1095.0
281,282,1263,1263.0
282,283,868,868.0
283,284,882,882.0
284,285,1136,1136.0
285,286,1101,1101.0
286,287,1173,1173.0
287,288,1114,1114.0
288,289,777,777.0
289,290,656,656.0
290,291,652,652.0
291,292,806,806.0
292,293,901,901.0
293,294,937,937.0
294,295,1143,1143.0
295,296,1068,1068.0
296,297,988,988.0
297,298,985,985.0
298,299,851,851.0
299,300,784,784.0
300,301,754,754.0
301,302,824,824.0
302,303,783,783.0
303,304,706,706.0
304,305,644,644.0
305,306,738,738.0
306,307,699,699.0
307,308,783,783.0
308,309,849,849.0
309,310,719,719.0
310,311,639,639.0
311,312,977,977.0
312,313,997,997.0
313,314,1056,1056.0
314,315,1005,1005.0
315,316,523,523.0
316,317,360,360.0
317,318,471,471.0
318,319,577,577.0
319,320,727,727.0
320,321,947,947.0
321,322,958,958.0
322,323,1091,1091.0
323,324,1125,1125.0
324,325,1046,1046.0
325,326,933,933.0
326,327,1120,1120.0
327,328,1112,1112.0
328,329,978,978.0
329,330,910,910.0
330,331,680,680.0
331,332,1413,1413.0
332,333,1470,1470.0
333,334,1767,1767.0
334,335,1761,1761.0
335,336,944,944.0
336,337,875,875.0
337,338,750,750.0
338,339,362,362.0
339,340,388,388.0
340,341,556,556.0
341,342,611,611.0
342,343,608,608.0
343,344,638,638.0
344,345,452,452.0
345,346,487,487.0
346,347,904,904.0
347,348,1140,1140.0
348,349,1246,1246.0
349,350,1210,1210.0
350,351,906,906.0
351,352,581,581.0
352,353,516,516.0
353,354,575,575.0
354,355,708,708.0
355,356,699,699.0
356,357,930,930.0
357,358,906,906.0
358,359,840,840.0
359,360,860,860.0
360,361,902,902.0
361,362,925,925.0
362,363,864,864.0
363,364,881,881.0
364,365,915,915.0
365,366,990,990.0
366,367,1012,1012.0
367,368,861,861.0
368,369,1138,1138.0
369,370,1233,1233.0
370,371,1243,1243.0
371,372,1345,1345.0
372,373,1226,1226.0
373,374,1018,1018.0
374,375,1140,1140.0
375,376,1139,1139.0
376,377,889,889.0
377,378,1020,1020.0
378,379,860,860.0
379,380,659,659.0
380,381,681,681.0
381,382,633,633.0
382,383,575,575.0
383,384,670,670.0
384,385,701,701.0
385,386,739,739.0
386,387,937,937.0
387,388,943,943.0
388,389,1014,1014.0
389,390,905,905.0
390,391,706,706.0
391,392,686,686.0
392,393,668,668.0
393,394,751,751.0
394,395,733,733.0
395,396,999,999.0
396,397,1122,1122.0
397,398,1192,1192.0
398,399,1310,1310.0
399,400,1125,1125.0
400,401,1096,1096.0
401,402,1080,1080.0
402,403,1233,1233.0
403,404,1163,1163.0
404,405,1117,1117.0
405,406,1067,1067.0
406,407,758,758.0
407,408,729,729.0
408,409,609,609.0
409,410,728,728.0
410,411,1125,1125.0
411,412,1293,1293.0
412,413,1380,1380.0
413,414,1274,1274.0
414,415,1220,1220.0
415,416,1253,1253.0
416,417,1007,1007.0
417,418,1082,1082.0
418,419,1165,1165.0
419,420,1174,1174.0
420,421,1412,1412.0
421,422,1338,1338.0
422,423,1292,1292.0
423,424,987,987.0
424,425,805,805.0
425,426,903,903.0
426,427,1597,1597.0
427,428,2050,2050.0
428,429,1949,1949.0
429,430,1884,1884.0
430,431,1428,1428.0
431,432,788,788.0
432,433,712,712.0
433,434,555,555.0
434,435,631,631.0
435,436,934,934.0
436,437,943,943.0
437,438,986,986.0
438,439,905,905.0
439,440,1125,1125.0
440,441,922,922.0
441,442,835,835.0
442,443,836,836.0
443,444,912,912.0
444,445,693,693.0
445,446,812,812.0
446,447,1238,1238.0
447,448,1309,1309.0
448,449,1278,1278.0
449,450,1304,1304.0
450,451,1402,1402.0
451,452,1357,1357.0
452,453,1137,1137.0
453,454,1208,1208.0
454,455,1063,1063.0
455,456,1088,1088.0
456,457,1323,1323.0
457,458,1291,1291.0
458,459,1256,1256.0
459,460,1418,1418.0
460,461,1189,1189.0
461,462,1084,1084.0
462,463,1055,1055.0
463,464,798,798.0
464,465,759,759.0
465,466,971,971.0
466,467,1091,1091.0
467,468,1125,1125.0
468,469,1333,1333.0
469,470,1154,1154.0
470,471,1074,1074.0
471,472,1148,1148.0
472,473,839,839.0
473,474,938,938.0
474,475,1085,1085.0
475,476,1247,1247.0
476,477,1096,1096.0
477,478,947,947.0
478,479,854,854.0
479,480,712,712.0
480,481,656,656.0
481,482,726,726.0
482,483,735,735.0
483,484,679,679.0
484,485,650,650.0
485,486,865,865.0
486,487,1071,1071.0
487,488,1150,1150.0
488,489,1204,1204.0
489,490,1396,1396.0
490,491,1018,1018.0
491,492,1028,1028.0
492,493,1060,1060.0
493,494,836,836.0
494,495,669,669.0
495,496,501,501.0
496,497,921,921.0
497,498,1005,1005.0
498,499,1183,1183.0
499,500,1262,1262.0
500,501,834,834.0
501,502,781,781.0
502,503,620,620.0
503,504,719,719.0
504,505,974,974.0
505,506,994,994.0
506,507,931,931.0
507,508,731,731.0
508,509,452,452.0
509,510,337,337.0
510,511,445,445.0
511,512,558,558.0
512,513,653,653.0
513,514,698,698.0
514,515,732,732.0
515,516,739,739.0
516,517,690,690.0
517,518,615,615.0
518,519,639,639.0
519,520,530,530.0
520,521,466,466.0
521,522,537,537.0
522,523,610,610.0
523,524,692,692.0
524,525,760,760.0
525,526,844,844.0
526,527,1028,1028.0
527,528,1073,1073.0
528,529,997,997.0
529,530,970,970.0
530,531,697,697.0
531,532,451,451.0
532,533,470,470.0
533,534,620,620.0
534,535,810,810.0
535,536,885,885.0
536,537,1080,1080.0
537,538,994,994.0
538,539,836,836.0
539,540,877,877.0
540,541,644,644.0
541,542,566,566.0
542,543,524,524.0
543,544,485,485.0
544,545,527,527.0
545,546,669,669.0
546,547,786,786.0
547,548,791,791.0
548,549,788,788.0
549,550,710,710.0
550,551,649,649.0
551,552,793,793.0
552,553,796,796.0
553,554,902,902.0
554,555,958,958.0
555,556,849,849.0
556,557,802,802.0
557,558,721,721.0
558,559,680,680.0
559,560,758,758.0
560,561,891,891.0
561,562,969,969.0
562,563,1139,1139.0
563,564,1096,1096.0
564,565,1001,1001.0
565,566,911,911.0
566,567,635,635.0
567,568,644,644.0
568,569,696,696.0
569,570,773,773.0
570,571,1001,1001.0
571,572,944,944.0
572,573,884,884.0
573,574,1013,1013.0
574,575,841,841.0
575,576,880,880.0
576,577,1007,1007.0
577,578,947,947.0
578,579,1045,1045.0
579,580,1006,1006.0
580,581,920,920.0
581,582,861,861.0
582,583,775,775.0
583,584,776,776.0
584,585,703,703.0
585,586,615,615.0
586,587,600,600.0
587,588,628,628.0
588,589,652,652.0
589,590,1055,1055.0
590,591,1075,1075.0
591,592,1052,1052.0
592,593,1176,1176.0
593,594,1261,1261.0
594,595,1324,1324.0
595,596,1122,1122.0
596,597,1014,1014.0
597,598,795,795.0
598,599,690,690.0
599,600,774,774.0
600,601,846,846.0
601,602,928,928.0
602,603,1152,1152.0
603,604,1075,1075.0
604,605,1082,1082.0
605,606,1144,1144.0
606,607,839,839.0
607,608,790,790.0
608,609,683,683.0
609,610,508,508.0
610,611,481,481.0
611,612,633,633.0
612,613,836,836.0
613,614,912,912.0
614,615,1051,1051.0
615,616,1235,1235.0
616,617,1108,1108.0
617,618,998,998.0
618,619,842,842.0
619,620,519,519.0
620,621,429,429.0
621,622,425,425.0
622,623,634,634.0
623,624,854,854.0
624,625,1095,1095.0
625,626,1479,1479.0
626,627,1334,1334.0
627,628,1794,1794.0
628,629,1517,1517.0
629,630,1282,1282.0
630,631,1221,1221.0
631,632,814,814.0
632,633,799,799.0
633,634,1034,1034.0
634,635,1097,1097.0
635,636,1031,1031.0
636,637,1299,1299.0
637,638,1110,1110.0
638,639,1018,1018.0
639,640,974,974.0
640,641,572,572.0
641,642,630,630.0
642,643,650,650.0
643,644,708,708.0
644,645,799,799.0
645,646,689,689.0
646,647,652,652.0
647,648,865,865.0
648,649,1071,1071.0
649,650,1147,1147.0
650,651,1186,1186.0
651,652,1370,1370.0
652,653,971,971.0
653,654,895,895.0
654,655,881,881.0
655,656,761,761.0
656,657,823,823.0
657,658,989,989.0
658,659,1052,1052.0
659,660,1065,1065.0
660,661,1119,1119.0
661,662,1068,1068.0
662,663,1017,1017.0
663,664,947,947.0
664,665,688,688.0
665,666,578,578.0
666,667,593,593.0
667,668,719,719.0
668,669,998,998.0
669,670,1043,1043.0
670,671,971,971.0
671,672,1640,1640.0
672,673,1396,1396.0
673,674,1344,1344.0
674,675,1400,1400.0
675,676,703,703.0
676,677,735,735.0
677,678,956,956.0
678,679,926,926.0
679,680,853,853.0
680,681,739,739.0
681,682,508,508.0
682,683,409,409.0
683,684,391,391.0
684,685,443,443.0
685,686,529,529.0
686,687,523,523.0
687,688,530,530.0
688,689,551,551.0
689,690,505,505.0
690,691,583,583.0
691,692,907,907.0
692,693,879,879.0
693,694,898,898.0
694,695,970,970.0
695,696,1017,1017.0
696,697,989,989.0
697,698,979,979.0
698,699,837,837.0
699,700,493,493.0
700,701,480,480.0
701,702,494,494.0
702,703,599,599.0
703,704,707,707.0
704,705,661,661.0
705,706,740,740.0
706,707,766,766.0
707,708,774,774.0
708,709,829,829.0
709,710,877,877.0
710,711,847,847.0
711,712,862,862.0
712,713,871,871.0
713,714,759,759.0
714,715,1024,1024.0
715,716,1094,1094.0
716,717,1099,1099.0
717,718,1150,1150.0
718,719,852,852.0
719,720,730,730.0
720,721,860,860.0
721,722,752,752.0
722,723,739,739.0
723,724,818,818.0
724,725,648,648.0
725,726,668,668.0
726,727,658,658.0
727,728,557,557.0
728,729,468,468.0
729,730,491,491.0
730,731,525,525.0
731,732,552,552.0
732,733,566,566.0
733,734,552,552.0
734,735,632,632.0
735,736,680,680.0
736,737,821,821.0
737,738,913,913.0
738,739,967,967.0
739,740,1112,1112.0
740,741,1826,1826.0
741,742,1917,1917.0
742,743,1839,1839.0
743,744,1622,1622.0
744,745,859,859.0
745,746,708,708.0
746,747,840,840.0
747,748,877,877.0
748,749,941,941.0
749,750,844,844.0
750,751,642,642.0
751,752,701,701.0
752,753,609,609.0
753,754,875,875.0
754,755,1023,1023.0
755,756,1066,1066.0
756,757,1313,1313.0
757,758,1082,1082.0
758,759,912,912.0
759,760,1084,1084.0
760,761,846,846.0
761,762,814,814.0
762,763,1119,1119.0
763,764,927,927.0
764,765,927,927.0
765,766,1176,1176.0
766,767,1205,1205.0
767,768,1171,1171.0
768,769,1230,1230.0
769,770,1156,1156.0
770,771,1186,1186.0
771,772,1058,1058.0
772,773,982,982.0
773,774,847,847.0
774,775,887,887.0
775,776,903,903.0
776,777,930,930.0
777,778,818,818.0
778,779,716,716.0
779,780,535,535.0
780,781,508,508.0
781,782,787,787.0
782,783,888,888.0
783,784,1135,1135.0
784,785,1281,1281.0
785,786,1060,1060.0
786,787,926,926.0
787,788,720,720.0
788,789,664,664.0
789,790,726,726.0
790,791,754,754.0
791,792,792,792.0
792,793,886,886.0
793,794,1176,1176.0
794,795,1153,1153.0
795,796,1006,1006.0
796,797,890,890.0
797,798,669,669.0
798,799,607,607.0
799,800,624,624.0
800,801,610,610.0
801,802,472,472.0
802,803,459,459.0
803,804,469,469.0
804,805,678,678.0
805,806,801,801.0
806,807,926,926.0
807,808,976,976.0
808,809,767,767.0
809,810,707,707.0
810,811,672,672.0
811,812,746,746.0
812,813,823,823.0
813,814,1001,1001.0
814,815,1136,1136.0
815,816,1259,1259.0
816,817,1399,1399.0
817,818,1503,1503.0
818,819,1433,1433.0
819,820,1219,1219.0
820,821,818,818.0
821,822,761,761.0
822,823,742,742.0
823,824,726,726.0
824,825,618,618.0
825,826,481,481.0
826,827,488,488.0
827,828,623,623.0
828,829,1058,1058.0
829,830,1159,1159.0
830,831,1101,1101.0
831,832,1050,1050.0
832,833,640,640.0
833,834,627,627.0
834,835,645,645.0
835,836,641,641.0
836,837,613,613.0
837,838,596,596.0
838,839,698,698.0
839,840,752,752.0
840,841,868,868.0
841,842,934,934.0
842,843,787,787.0
843,844,707,707.0
844,845,664,664.0
845,846,690,690.0
846,847,775,775.0
847,848,928,928.0
848,849,1103,1103.0
849,850,1018,1018.0
850,851,875,875.0
851,852,741,741.0
852,853,589,589.0
853,854,659,659.0
854,855,739,739.0
855,856,955,955.0
856,857,1219,1219.0
857,858,1215,1215.0
858,859,1156,1156.0
859,860,918,918.0
860,861,924,924.0
861,862,859,859.0
862,863,811,811.0
863,864,852,852.0
864,865,1018,1018.0
865,866,1019,1019.0
866,867,886,886.0
867,868,812,812.0
868,869,628,628.0
869,870,468,468.0
870,871,630,630.0
871,872,753,753.0
872,873,1035,1035.0
873,874,1007,1007.0
874,875,923,923.0
875,876,900,900.0
876,877,608,608.0
877,878,625,625.0
878,879,685,685.0
879,880,1372,1372.0
880,881,1427,1427.0
881,882,1620,1620.0
882,883,1574,1574.0
883,884,806,806.0
884,885,789,789.0
885,886,864,864.0
886,887,1054,1054.0
887,888,1461,1461.0
888,889,1599,1599.0
889,890,1438,1438.0
890,891,1385,1385.0
891,892,1257,1257.0
892,893,1147,1147.0
893,894,788,788.0
894,895,706,706.0
895,896,645,645.0
896,897,602,602.0
897,898,618,618.0
898,899,702,702.0
899,900,798,798.0
900,901,801,801.0
901,902,881,881.0
902,903,894,894.0
903,904,856,856.0
904,905,735,735.0
905,906,711,711.0
906,907,935,935.0
907,908,1081,1081.0
908,909,1148,1148.0
909,910,1219,1219.0
910,911,1203,1203.0
911,912,1143,1143.0
912,913,1131,1131.0
913,914,1087,1087.0
914,915,928,928.0
915,916,819,819.0
916,917,1061,1061.0
917,918,1065,1065.0
918,919,950,950.0
919,920,1171,1171.0
920,921,1106,1106.0
921,922,1139,1139.0
922,923,1083,1083.0
923,924,1183,1183.0
924,925,1074,1074.0
925,926,1033,1033.0
926,927,1110,1110.0
927,928,828,828.0
928,929,814,814.0
929,930,879,879.0
930,931,1075,1075.0
931,932,1080,1080.0
932,933,1114,1114.0
933,934,1005,1005.0
934,935,803,803.0
935,936,846,846.0
936,937,745,745.0
937,938,915,915.0
938,939,862,862.0
939,940,1013,1013.0
940,941,1083,1083.0
941,942,1096,1096.0
942,943,1363,1363.0
943,944,1201,1201.0
944,945,1230,1230.0
945,946,1204,1204.0
946,947,1003,1003.0
947,948,819,819.0
948,949,815,815.0
949,950,756,756.0
950,951,723,723.0
951,952,714,714.0
952,953,748,748.0
953,954,845,845.0
954,955,852,852.0
955,956,795,795.0
956,957,800,800.0
957,958,756,756.0
958,959,703,703.0
959,960,749,749.0
960,961,746,746.0
961,962,621,621.0
962,963,545,545.0
963,964,720,720.0
964,965,839,839.0
965,966,868,868.0
966,967,900,900.0
967,968,835,835.0
968,969,836,836.0
969,970,835,835.0
970,971,965,965.0
971,972,902,902.0
972,973,1007,1007.0
973,974,1087,1087.0
974,975,1056,1056.0
975,976,1027,1027.0
976,977,971,971.0
977,978,812,812.0
978,979,885,885.0
979,980,1620,1620.0
980,981,1582,1582.0
981,982,1509,1509.0
982,983,1244,1244.0
983,984,479,479.0
984,985,416,416.0
985,986,418,418.0
986,987,557,557.0
987,988,643,643.0
988,989,679,679.0
989,990,1181,1181.0
990,991,1143,1143.0
991,992,1228,1228.0
992,993,1406,1406.0
993,994,1084,1084.0
994,995,1179,1179.0
995,996,986,986.0
996,997,890,890.0
997,998,941,941.0
998,999,991,991.0
999,1000,974,974.0
1000,1001,1030,1030.0
1001,1002,1050,1050.0
1002,1003,1105,1105.0
1003,1004,1232,1232.0
1004,1005,1251,1251.0
1005,1006,1313,1313.0
1006,1007,1289,1289.0
1007,1008,1359,1359.0
1008,1009,1371,1371.0
1009,1010,1063,1063.0
1010,1011,1013,1013.0
1011,1012,860,860.0
1012,1013,819,819.0
1013,1014,666,666.0
1014,1015,913,913.0
1015,1016,1086,1086.0
1016,1017,1191,1191.0
1017,1018,1244,1244.0
1018,1019,890,890.0
1019,1020,623,623.0
1020,1021,483,483.0
1021,1022,507,507.0
1022,1023,584,584.0
1023,1024,770,770.0
1024,1025,945,945.0
1025,1026,1306,1306.0
1026,1027,1489,1489.0
1027,1028,1480,1480.0
1028,1029,1412,1412.0
1029,1030,1152,1152.0
1030,1031,834,834.0
1031,1032,657,657.0
1032,1033,566,566.0
1033,1034,496,496.0
1034,1035,581,581.0
1035,1036,1355,1355.0
1036,1037,1418,1418.0
1037,1038,1428,1428.0
1038,1039,1363,1363.0
1039,1040,668,668.0
1040,1041,731,731.0
1041,1042,853,853.0
1042,1043,1114,1114.0
1043,1044,1026,1026.0
1044,1045,926,926.0
1045,1046,840,840.0
1046,1047,642,642.0
1047,1048,621,621.0
1048,1049,658,658.0
1049,1050,630,630.0
1050,1051,523,523.0
1051,1052,540,540.0
1052,1053,661,661.0
1053,1054,815,815.0
1054,1055,966,966.0
1055,1056,1245,1245.0
1056,1057,1163,1163.0
1057,1058,1098,1098.0
1058,1059,891,891.0
1059,1060,680,680.0
1060,1061,631,631.0
1061,1062,596,596.0
1062,1063,571,571.0
1063,1064,655,655.0
1064,1065,844,844.0
1065,1066,1032,1032.0
1066,1067,1193,1193.0
1067,1068,1058,1058.0
1068,1069,1000,1000.0
1069,1070,631,631.0
1070,1071,588,588.0
1071,1072,773,773.0
1072,1073,773,773.0
1073,1074,780,780.0
1074,1075,731,731.0
1075,1076,546,546.0
1076,1077,703,703.0
1077,1078,711,711.0
1078,1079,768,768.0
1079,1080,770,770.0
1080,1081,767,767.0
1081,1082,811,811.0
1082,1083,731,731.0
1083,1084,592,592.0
1084,1085,409,409.0
1085,1086,325,325.0
1086,1087,454,454.0
1087,1088,521,521.0
1088,1089,607,607.0
1089,1090,602,602.0
1090,1091,474,474.0
1091,1092,444,444.0
1092,1093,441,441.0
1093,1094,449,449.0
1094,1095,503,503.0
1095,1096,505,505.0
1096,1097,440,440.0
1097,1098,500,500.0
1098,1099,706,706.0
1099,1100,1008,1008.0
1100,1101,1141,1141.0
1101,1102,1080,1080.0
1102,1103,993,993.0
1103,1104,841,841.0
1104,1105,626,626.0
1105,1106,651,651.0
1106,1107,773,773.0
1107,1108,906,906.0
1108,1109,996,996.0
1109,1110,1011,1011.0
1110,1111,911,911.0
1111,1112,710,710.0
1112,1113,771,771.0
1113,1114,738,738.0
1114,1115,788,788.0
1115,1116,765,765.0
1116,1117,666,666.0
1117,1118,598,598.0
1118,1119,587,587.0
1119,1120,646,646.0
1120,1121,868,868.0
1121,1122,1083,1083.0
1122,1123,1352,1352.0
1123,1124,1703,1703.0
1124,1125,1737,1737.0
1125,1126,1651,1651.0
1126,1127,1439,1439.0
1127,1128,1482,1482.0
1128,1129,1311,1311.0
1129,1130,964,964.0
1130,1131,918,918.0
1131,1132,1004,1004.0
1132,1133,1060,1060.0
1133,1134,1103,1103.0
1134,1135,1052,1052.0
1135,1136,794,794.0
1136,1137,754,754.0
1137,1138,759,759.0
1138,1139,846,846.0
1139,1140,801,801.0
1140,1141,857,857.0
1141,1142,864,864.0
1142,1143,1001,1001.0
1143,1144,1324,1324.0
1144,1145,1332,1332.0
1145,1146,1392,1392.0
1146,1147,1334,1334.0
1147,1148,1034,1034.0
1148,1149,1095,1095.0
1149,1150,980,980.0
1150,1151,959,959.0
1151,1152,889,889.0
1152,1153,662,662.0
1153,1154,802,802.0
1154,1155,1073,1073.0
1155,1156,1057,1057.0
1156,1157,1088,1088.0
1157,1158,919,919.0
1158,1159,920,920.0
1159,1160,707,707.0
1160,1161,755,755.0
1161,1162,746,746.0
1162,1163,675,675.0
1163,1164,607,607.0
1164,1165,459,459.0
1165,1166,487,487.0
1166,1167,456,456.0
1167,1168,643,643.0
1168,1169,690,690.0
1169,1170,694,694.0
1170,1171,820,820.0
1171,1172,898,898.0
1172,1173,644,644.0
1173,1174,666,666.0
1174,1175,594,594.0
1175,1176,525,525.0
1176,1177,572,572.0
1177,1178,513,513.0
1178,1179,705,705.0
1179,1180,804,804.0
1180,1181,909,909.0
1181,1182,1002,1002.0
1182,1183,1182,1182.0
1183,1184,1212,1212.0
1184,1185,1238,1238.0
1185,1186,1157,1157.0
1186,1187,1026,1026.0
1187,1188,1034,1034.0
1188,1189,949,949.0
1189,1190,748,748.0
1190,1191,596,596.0
1191,1192,445,445.0
1192,1193,425,425.0
1193,1194,616,616.0
1194,1195,938,938.0
1195,1196,1089,1089.0
1196,1197,1159,1159.0
1197,1198,1040,1040.0
1198,1199,723,723.0
1199,1200,680,680.0
1200,1201,704,704.0
1201,1202,698,698.0
1202,1203,653,653.0
1203,1204,620,620.0
1204,1205,560,560.0
1205,1206,750,750.0
1206,1207,858,858.0
1207,1208,956,956.0
1208,1209,991,991.0
1209,1210,1037,1037.0
1210,1211,962,962.0
1211,1212,1167,1167.0
1212,1213,1279,1279.0
1213,1214,1140,1140.0
1214,1215,1279,1279.0
1215,1216,1058,1058.0
1216,1217,1095,1095.0
1217,1218,1170,1170.0
1218,1219,1101,1101.0
1219,1220,1275,1275.0
1220,1221,1390,1390.0
1221,1222,1270,1270.0
1222,1223,1295,1295.0
1223,1224,994,994.0
1224,1225,897,897.0
1225,1226,834,834.0
1226,1227,770,770.0
1227,1228,992,992.0
1228,1229,1209,1209.0
1229,1230,1092,1092.0
1230,1231,1051,1051.0
1231,1232,841,841.0
1232,1233,591,591.0
1233,1234,557,557.0
1234,1235,576,576.0
1235,1236,544,544.0
1236,1237,530,530.0
1237,1238,712,712.0
1238,1239,883,883.0
1239,1240,1134,1134.0
1240,1241,1390,1390.0
1241,1242,1282,1282.0
1242,1243,1087,1087.0
1243,1244,870,870.0
1244,1245,1045,1045.0
1245,1246,953,953.0
1246,1247,1149,1149.0
1247,1248,1306,1306.0
1248,1249,1576,1576.0
1249,1250,1387,1387.0
1250,1251,1156,1156.0
1251,1252,1065,1065.0
1252,1253,709,709.0
1253,1254,765,765.0
1254,1255,797,797.0
1255,1256,822,822.0
1256,1257,975,975.0
1257,1258,1171,1171.0
1258,1259,1237,1237.0
1259,1260,1271,1271.0
1260,1261,1223,1223.0
1261,1262,764,764.0
1262,1263,733,733.0
1263,1264,821,821.0
1264,1265,962,962.0
1265,1266,1022,1022.0
1266,1267,933,933.0
1267,1268,887,887.0
1268,1269,830,830.0
1269,1270,668,668.0
1270,1271,690,690.0
1271,1272,681,681.0
1272,1273,632,632.0
1273,1274,616,616.0
1274,1275,639,639.0
1275,1276,539,539.0
1276,1277,536,536.0
1277,1278,607,607.0
1278,1279,626,626.0
1279,1280,799,799.0
1280,1281,896,896.0
1281,1282,861,861.0
1282,1283,831,831.0
1283,1284,804,804.0
1284,1285,725,725.0
1285,1286,649,649.0
1286,1287,685,685.0
1287,1288,595,595.0
1288,1289,651,651.0
1289,1290,719,719.0
1290,1291,757,757.0
1291,1292,763,763.0
1292,1293,739,739.0
1293,1294,753,753.0
1294,1295,807,807.0
1295,1296,853,853.0
1296,1297,805,805.0
1297,1298,791,791.0
1298,1299,865,865.0
1299,1300,840,840.0
1300,1301,893,893.0
1301,1302,1145,1145.0
1302,1303,1049,1049.0
1303,1304,1055,1055.0
1304,1305,1090,1090.0
1305,1306,970,970.0
1306,1307,918,918.0
1307,1308,900,900.0
1308,1309,818,818.0
1309,1310,792,792.0
1310,1311,818,818.0
1311,1312,1063,1063.0
1312,1313,1166,1166.0
1313,1314,1027,1027.0
1314,1315,981,981.0
1315,1316,875,875.0
1316,1317,836,836.0
1317,1318,834,834.0
1318,1319,955,955.0
1319,1320,894,894.0
1320,1321,825,825.0
1321,1322,853,853.0
1322,1323,805,805.0
1323,1324,850,850.0
1324,1325,886,886.0
1325,1326,925,925.0
1326,1327,881,881.0
1327,1328,862,862.0
1328,1329,827,827.0
1329,1330,716,716.0
1330,1331,646,646.0
1331,1332,656,656.0
1332,1333,941,941.0
1333,1334,1039,1039.0
1334,1335,1036,1036.0
1335,1336,976,976.0
1336,1337,793,793.0
1337,1338,726,726.0
1338,1339,804,804.0
1339,1340,992,992.0
1340,1341,993,993.0
1341,1342,1301,1301.0
1342,1343,1384,1384.0
1343,1344,1327,1327.0
1344,1345,1114,1114.0
1345,1346,727,727.0
1346,1347,723,723.0
1347,1348,755,755.0
1348,1349,849,849.0
1349,1350,868,868.0
1350,1351,705,705.0
1351,1352,612,612.0
1352,1353,541,541.0
1353,1354,596,596.0
1354,1355,682,682.0
1355,1356,943,943.0
1356,1357,1199,1199.0
1357,1358,1312,1312.0
1358,1359,1259,1259.0
1359,1360,1185,1185.0
1360,1361,678,678.0
1361,1362,536,536.0
1362,1363,480,480.0
1363,1364,501,501.0
1364,1365,447,447.0
1365,1366,513,513.0
1366,1367,576,576.0
1367,1368,575,575.0
1368,1369,669,669.0
1369,1370,675,675.0
1370,1371,579,579.0
1371,1372,512,512.0
1372,1373,695,695.0
1373,1374,947,947.0
1374,1375,986,986.0
1375,1376,1090,1090.0
1376,1377,934,934.0
1377,1378,1007,1007.0
1378,1379,1641,1641.0
1379,1380,1618,1618.0
1380,1381,1868,1868.0
1381,1382,2049,2049.0
1382,1383,1332,1332.0
1383,1384,1277,1277.0
1384,1385,1055,1055.0
1385,1386,1081,1081.0
1386,1387,964,964.0
1387,1388,886,886.0
1388,1389,957,957.0
1389,1390,856,856.0
1390,1391,937,937.0
1391,1392,847,847.0
1392,1393,770,770.0
1393,1394,607,607.0
1394,1395,617,617.0
1395,1396,712,712.0
1396,1397,1003,1003.0
1397,1398,1013,1013.0
1398,1399,989,989.0
1399,1400,1010,1010.0
1400,1401,977,977.0
1401,1402,1079,1079.0
1402,1403,993,993.0
1403,1404,837,837.0
1404,1405,604,604.0
1405,1406,489,489.0
1406,1407,528,528.0
1407,1408,576,576.0
1408,1409,771,771.0
1409,1410,898,898.0
1410,1411,941,941.0
1411,1412,894,894.0
1412,1413,599,599.0
1413,1414,480,480.0
1414,1415,495,495.0
1415,1416,786,786.0
1416,1417,942,942.0
1417,1418,1020,1020.0
1418,1419,1058,1058.0
1419,1420,935,935.0
1420,1421,873,873.0
1421,1422,1119,1119.0
1422,1423,1103,1103.0
1423,1424,1074,1074.0
1424,1425,1264,1264.0
1425,1426,1133,1133.0
1426,1427,1201,1201.0
1427,1428,1069,1069.0
1428,1429,925,925.0
1429,1430,783,783.0
1430,1431,774,774.0
1431,1432,757,757.0
1432,1433,761,761.0
1433,1434,563,563.0
1434,1435,469,469.0
1435,1436,536,536.0
1436,1437,701,701.0
1437,1438,833,833.0
1438,1439,925,925.0
1439,1440,896,896.0
1440,1441,962,962.0
1441,1442,942,942.0
1442,1443,874,874.0
1443,1444,879,879.0
1444,1445,790,790.0
1445,1446,718,718.0
1446,1447,583,583.0
1447,1448,582,582.0
1448,1449,589,589.0
1449,1450,931,931.0
1450,1451,1089,1089.0
1451,1452,1253,1253.0
1452,1453,1247,1247.0
1453,1454,1050,1050.0
1454,1455,1073,1073.0
1455,1456,1000,1000.0
1456,1457,919,919.0
1457,1458,734,734.0
1458,1459,673,673.0
1459,1460,574,574.0
1460,1461,606,606.0
1461,1462,640,640.0
1462,1463,836,836.0
1463,1464,787,787.0
1464,1465,769,769.0
1465,1466,855,855.0
1466,1467,686,686.0
1467,1468,649,649.0
1468,1469,638,638.0
1469,1470,583,583.0
1470,1471,1449,1449.0
1471,1472,1466,1466.0
1472,1473,1524,1524.0
1473,1474,1646,1646.0
1474,1475,1141,1141.0
1475,1476,1037,1037.0
1476,1477,1010,1010.0
1477,1478,971,971.0
1478,1479,729,729.0
1479,1480,732,732.0
1480,1481,716,716.0
1481,1482,695,695.0
1482,1483,1008,1008.0
1483,1484,1236,1236.0
1484,1485,1530,1530.0
1485,1486,1600,1600.0
1486,1487,1575,1575.0
1487,1488,1239,1239.0
1488,1489,1109,1109.0
1489,1490,928,928.0
1490,1491,677,677.0
1491,1492,599,599.0
1492,1493,454,454.0
1493,1494,550,550.0
1494,1495,684,684.0
1495,1496,991,991.0
1496,1497,1158,1158.0
1497,1498,1368,1368.0
1498,1499,1354,1354.0
1499,1500,1203,1203.0
1500,1501,1160,1160.0
1501,1502,1125,1125.0
1502,1503,986,986.0
1503,1504,972,972.0
1504,1505,980,980.0
1505,1506,1007,1007.0
1506,1507,1092,1092.0
1507,1508,1107,1107.0
1508,1509,1121,1121.0
1509,1510,1080,1080.0
1510,1511,992,992.0
1511,1512,763,763.0
1512,1513,912,912.0
1513,1514,1119,1119.0
1514,1515,1213,1213.0
1515,1516,1207,1207.0
1516,1517,1268,1268.0
1517,1518,1102,1102.0
1518,1519,1182,1182.0
1519,1520,1177,1177.0
1520,1521,1068,1068.0
1521,1522,1068,1068.0
1522,1523,1208,1208.0
1523,1524,961,961.0
1524,1525,820,820.0
1525,1526,774,774.0
1526,1527,398,398.0
1527,1528,386,386.0
1528,1529,412,412.0
1529,1530,512,512.0
1530,1531,633,633.0
1531,1532,671,671.0
1532,1533,745,745.0
1533,1534,689,689.0
1534,1535,534,534.0
1535,1536,462,462.0
1536,1537,466,466.0
1537,1538,473,473.0
1538,1539,586,586.0
1539,1540,716,716.0
1540,1541,760,760.0
1541,1542,810,810.0
1542,1543,836,836.0
1543,1544,809,809.0
1544,1545,1029,1029.0
1545,1546,1247,1247.0
1546,1547,1278,1278.0
1547,1548,1203,1203.0
1548,1549,1232,1232.0
1549,1550,831,831.0
1550,1551,1012,1012.0
1551,1552,1085,1085.0
1552,1553,1034,1034.0
1553,1554,1241,1241.0
1554,1555,995,995.0
1555,1556,900,900.0
1556,1557,905,905.0
1557,1558,687,687.0
1558,1559,647,647.0
1559,1560,970,970.0
1560,1561,1215,1215.0
1561,1562,1313,1313.0
1562,1563,1277,1277.0
1563,1564,1206,1206.0
1564,1565,669,669.0
1565,1566,582,582.0
1566,1567,698,698.0
1567,1568,1045,1045.0
1568,1569,1115,1115.0
1569,1570,1594,1594.0
1570,1571,1534,1534.0
1571,1572,1334,1334.0
1572,1573,1359,1359.0
1573,1574,939,939.0
1574,1575,921,921.0
1575,1576,851,851.0
1576,1577,811,811.0
1577,1578,712,712.0
1578,1579,788,788.0
1579,1580,874,874.0
1580,1581,860,860.0
1581,1582,919,919.0
1582,1583,770,770.0
1583,1584,574,574.0
1584,1585,560,560.0
1585,1586,390,390.0
1586,1587,395,395.0
1587,1588,436,436.0
1588,1589,600,600.0
1589,1590,753,753.0
1590,1591,1054,1054.0
1591,1592,1179,1179.0
1592,1593,1127,1127.0
1593,1594,1059,1059.0
1594,1595,798,798.0
1595,1596,571,571.0
1596,1597,496,496.0
1597,1598,633,633.0
1598,1599,627,627.0
1599,1600,949,949.0
1600,1601,978,978.0
1601,1602,838,838.0
1602,1603,851,851.0
1603,1604,652,652.0
1604,1605,592,592.0
1605,1606,547,547.0
1606,1607,694,694.0
1607,1608,653,653.0
1608,1609,689,689.0
1609,1610,678,678.0
1610,1611,675,675.0
1611,1612,503,503.0
1612,1613,445,445.0
1613,1614,402,402.0
1614,1615,398,398.0
1615,1616,594,594.0
1616,1617,827,827.0
1617,1618,951,951.0
1618,1619,1254,1254.0
1619,1620,1418,1418.0
1620,1621,1447,1447.0
1621,1622,1200,1200.0
1622,1623,1202,1202.0
1623,1624,960,960.0
1624,1625,936,936.0
1625,1626,1271,1271.0
1626,1627,1000,1000.0
1627,1628,962,962.0
1628,1629,872,872.0
1629,1630,805,805.0
1630,1631,481,481.0
1631,1632,595,595.0
1632,1633,569,569.0
1633,1634,577,577.0
1634,1635,639,639.0
1635,1636,554,554.0
1636,1637,640,640.0
1637,1638,713,713.0
1638,1639,684,684.0
1639,1640,981,981.0
1640,1641,938,938.0
1641,1642,834,834.0
1642,1643,776,776.0
1643,1644,432,432.0
1644,1645,441,441.0
1645,1646,616,616.0
1646,1647,792,792.0
1647,1648,1034,1034.0
1648,1649,1136,1136.0
1649,1650,1704,1704.0
1650,1651,2011,2011.0
1651,1652,1853,1853.0
1652,1653,1758,1758.0
1653,1654,1225,1225.0
1654,1655,559,559.0
1655,1656,452,452.0
1656,1657,472,472.0
1657,1658,554,554.0
1658,1659,705,705.0
1659,1660,793,793.0
1660,1661,862,862.0
1661,1662,817,817.0
1662,1663,838,838.0
1663,1664,894,894.0
1664,1665,759,759.0
1665,1666,756,756.0
1666,1667,613,613.0
1667,1668,365,365.0
1668,1669,308,308.0
1669,1670,368,368.0
1670,1671,659,659.0
1671,1672,833,833.0
1672,1673,972,972.0
1673,1674,1131,1131.0
1674,1675,1007,1007.0
1675,1676,901,901.0
1676,1677,839,839.0
1677,1678,723,723.0
1678,1679,682,682.0
1679,1680,719,719.0
1680,1681,672,672.0
1681,1682,542,542.0
1682,1683,574,574.0
1683,1684,719,719.0
1684,1685,697,697.0
1685,1686,719,719.0
1686,1687,645,645.0
1687,1688,381,381.0
1688,1689,368,368.0
1689,1690,367,367.0
1690,1691,416,416.0
1691,1692,440,440.0
1692,1693,467,467.0
1693,1694,798,798.0
1694,1695,1072,1072.0
1695,1696,1272,1272.0
1696,1697,1463,1463.0
1697,1698,2349,2349.0
1698,1699,1831,1831.0
1699,1700,1741,1741.0
1700,1701,1536,1536.0
1701,1702,680,680.0
1702,1703,474,474.0
1703,1704,379,379.0
1704,1705,415,415.0
1705,1706,620,620.0
1706,1707,751,751.0
1707,1708,863,863.0
1708,1709,870,870.0
1709,1710,872,872.0
1710,1711,938,938.0
1711,1712,875,875.0
1712,1713,925,925.0
1713,1714,954,954.0
1714,1715,1140,1140.0
1715,1716,1414,1414.0
1716,1717,1478,1478.0
1717,1718,1424,1424.0
1718,1719,1278,1278.0
1719,1720,1228,1228.0
1720,1721,1156,1156.0
1721,1722,1053,1053.0
1722,1723,977,977.0
1723,1724,893,893.0
1724,1725,957,957.0
1725,1726,935,935.0
1726,1727,934,934.0
1727,1728,908,908.0
1728,1729,1074,1074.0
1729,1730,1209,1209.0
1730,1731,1377,1377.0
1731,1732,1301,1301.0
1732,1733,1229,1229.0
1733,1734,792,792.0
1734,1735,468,468.0
1735,1736,418,418.0
1736,1737,462,462.0
1737,1738,771,771.0
1738,1739,934,934.0
1739,1740,955,955.0
1740,1741,948,948.0
1741,1742,815,815.0
1742,1743,537,537.0
1743,1744,461,461.0
1744,1745,411,411.0
1745,1746,445,445.0
1746,1747,530,530.0
1747,1748,524,524.0
1748,1749,540,540.0
1749,1750,581,581.0
1750,1751,558,558.0
1751,1752,636,636.0
1752,1753,693,693.0
1753,1754,648,648.0
1754,1755,639,639.0
1755,1756,560,560.0
1756,1757,509,509.0
1757,1758,454,454.0
1758,1759,400,400.0
1759,1760,395,395.0
1760,1761,420,420.0
1761,1762,665,665.0
1762,1763,885,885.0
1763,1764,1161,1161.0
1764,1765,1194,1194.0
1765,1766,1076,1076.0
1766,1767,964,964.0
1767,1768,1058,1058.0
1768,1769,1154,1154.0
1769,1770,1259,1259.0
1770,1771,1205,1205.0
1771,1772,943,943.0
1772,1773,887,887.0
1773,1774,854,854.0
1774,1775,1045,1045.0
1775,1776,1229,1229.0
1776,1777,1286,1286.0
1777,1778,1207,1207.0
1778,1779,1020,1020.0
1779,1780,953,953.0
1780,1781,728,728.0
1781,1782,707,707.0
1782,1783,1022,1022.0
1783,1784,1045,1045.0
1784,1785,1234,1234.0
1785,1786,1223,1223.0
1786,1787,954,954.0
1787,1788,939,939.0
1788,1789,1001,1001.0
1789,1790,1006,1006.0
1790,1791,1099,1099.0
1791,1792,1109,1109.0
1792,1793,943,943.0
1793,1794,977,977.0
1794,1795,937,937.0
1795,1796,1091,1091.0
1796,1797,1229,1229.0
1797,1798,1245,1245.0
1798,1799,1168,1168.0
1799,1800,1169,1169.0
1800,1801,980,980.0
1801,1802,866,866.0
1802,1803,857,857.0
1803,1804,619,619.0
1804,1805,744,744.0
1805,1806,865,865.0
1806,1807,938,938.0
1807,1808,1045,1045.0
1808,1809,918,918.0
1809,1810,829,829.0
1810,1811,823,823.0
1811,1812,1023,1023.0
1812,1813,1065,1065.0
1813,1814,1091,1091.0
1814,1815,942,942.0
1815,1816,761,761.0
1816,1817,639,639.0
1817,1818,342,342.0
1818,1819,538,538.0
1819,1820,757,757.0
1820,1821,863,863.0
1821,1822,1128,1128.0
1822,1823,1005,1005.0
1823,1824,831,831.0
1824,1825,687,687.0
1825,1826,895,895.0
1826,1827,999,999.0
1827,1828,1188,1188.0
1828,1829,1264,1264.0
1829,1830,838,838.0
1830,1831,795,795.0
1831,1832,625,625.0
1832,1833,625,625.0
1833,1834,665,665.0
1834,1835,674,674.0
1835,1836,871,871.0
1836,1837,985,985.0
1837,1838,931,931.0
1838,1839,992,992.0
1839,1840,850,850.0
1840,1841,776,776.0
1841,1842,1048,1048.0
1842,1843,999,999.0
1843,1844,910,910.0
1844,1845,891,891.0
1845,1846,817,817.0
1846,1847,858,858.0
1847,1848,859,859.0
1848,1849,780,780.0
1849,1850,486,486.0
1850,1851,454,454.0
1851,1852,543,543.0
1852,1853,593,593.0
1853,1854,573,573.0
1854,1855,552,552.0
1855,1856,782,782.0
1856,1857,735,735.0
1857,1858,757,757.0
1858,1859,802,802.0
1859,1860,675,675.0
1860,1861,608,608.0
1861,1862,874,874.0
1862,1863,990,990.0
1863,1864,1037,1037.0
1864,1865,1167,1167.0
1865,1866,835,835.0
1866,1867,714,714.0
1867,1868,529,529.0
1868,1869,416,416.0
1869,1870,470,470.0
1870,1871,576,576.0
1871,1872,701,701.0
1872,1873,710,710.0
1873,1874,723,723.0
1874,1875,696,696.0
1875,1876,716,716.0
1876,1877,739,739.0
1877,1878,697,697.0
1878,1879,646,646.0
1879,1880,583,583.0
1880,1881,732,732.0
1881,1882,793,793.0
1882,1883,866,866.0
1883,1884,947,947.0
1884,1885,817,817.0
1885,1886,840,840.0
1886,1887,814,814.0
1887,1888,748,748.0
1888,1889,630,630.0
1889,1890,876,876.0
1890,1891,990,990.0
1891,1892,1236,1236.0
1892,1893,1355,1355.0
1893,1894,991,991.0
1894,1895,915,915.0
1895,1896,1104,1104.0
1896,1897,1230,1230.0
1897,1898,1257,1257.0
1898,1899,1252,1252.0
1899,1900,982,982.0
1900,1901,854,854.0
1901,1902,712,712.0
1902,1903,659,659.0
1903,1904,632,632.0
1904,1905,628,628.0
1905,1906,708,708.0
1906,1907,821,821.0
1907,1908,851,851.0
1908,1909,823,823.0
1909,1910,801,801.0
1910,1911,859,859.0
1911,1912,900,900.0
1912,1913,915,915.0
1913,1914,979,979.0
1914,1915,966,966.0
1915,1916,964,964.0
1916,1917,841,841.0
1917,1918,882,882.0
1918,1919,993,993.0
1919,1920,937,937.0
1920,1921,1209,1209.0
1921,1922,1166,1166.0
1922,1923,879,879.0
1923,1924,842,842.0
1924,1925,749,749.0
1925,1926,734,734.0
1926,1927,995,995.0
1927,1928,1047,1047.0
1928,1929,957,957.0
1929,1930,922,922.0
1930,1931,848,848.0
1931,1932,862,862.0
1932,1933,1128,1128.0
1933,1934,1122,1122.0
1934,1935,1131,1131.0
1935,1936,917,917.0
1936,1937,567,567.0
1937,1938,456,456.0
1938,1939,659,659.0
1939,1940,815,815.0
1940,1941,1177,1177.0
1941,1942,1129,1129.0
1942,1943,1016,1016.0
1943,1944,909,909.0
1944,1945,1011,1011.0
1945,1946,866,866.0
1946,1947,1004,1004.0
1947,1948,999,999.0
1948,1949,928,928.0
1949,1950,733,733.0
1950,1951,599,599.0
1951,1952,735,735.0
1952,1953,816,816.0
1953,1954,853,853.0
1954,1955,776,776.0
1955,1956,614,614.0
1956,1957,479,479.0
1957,1958,366,366.0
1958,1959,411,411.0
1959,1960,455,455.0
1960,1961,536,536.0
1961,1962,538,538.0
1962,1963,436,436.0
1963,1964,447,447.0
1964,1965,453,453.0
1965,1966,505,505.0
1966,1967,755,755.0
1967,1968,744,744.0
1968,1969,1005,1005.0
1969,1970,1147,1147.0
1970,1971,914,914.0
1971,1972,896,896.0
1972,1973,642,642.0
1973,1974,596,596.0
1974,1975,735,735.0
1975,1976,770,770.0
1976,1977,877,877.0
1977,1978,891,891.0
1978,1979,1134,1134.0
1979,1980,1035,1035.0
1980,1981,1061,1061.0
1981,1982,980,980.0
1982,1983,692,692.0
1983,1984,672,672.0
1984,1985,690,690.0
1985,1986,776,776.0
1986,1987,910,910.0
1987,1988,835,835.0
1988,1989,665,665.0
1989,1990,701,701.0
1990,1991,713,713.0
1991,1992,822,822.0
1992,1993,905,905.0
1993,1994,824,824.0
1994,1995,1140,1140.0
1995,1996,1084,1084.0
1996,1997,960,960.0
1997,1998,989,989.0
1998,1999,619,619.0
1999,2000,598,598.0
2000,2001,870,870.0
2001,2002,881,881.0
2002,2003,912,912.0
2003,2004,940,940.0
2004,2005,752,752.0
2005,2006,889,889.0
2006,2007,1010,1010.0
2007,2008,987,987.0
2008,2009,980,980.0
2009,2010,822,822.0
2010,2011,699,699.0
2011,2012,714,714.0
2012,2013,672,672.0
2013,2014,647,647.0
2014,2015,611,611.0
2015,2016,517,517.0
2016,2017,441,441.0
2017,2018,606,606.0
2018,2019,679,679.0
2019,2020,906,906.0
2020,2021,1007,1007.0
2021,2022,1054,1054.0
2022,2023,834,834.0
2023,2024,590,590.0
2024,2025,586,586.0
2025,2026,596,596.0
2026,2027,1424,1424.0
2027,2028,1611,1611.0
2028,2029,1618,1618.0
2029,2030,1651,1651.0
2030,2031,1026,1026.0
2031,2032,845,845.0
2032,2033,855,855.0
2033,2034,883,883.0
2034,2035,939,939.0
2035,2036,900,900.0
2036,2037,980,980.0
2037,2038,981,981.0
2038,2039,819,819.0
2039,2040,811,811.0
2040,2041,800,800.0
2041,2042,907,907.0
2042,2043,895,895.0
2043,2044,945,945.0
2044,2045,859,859.0
2045,2046,621,621.0
2046,2047,505,505.0
2047,2048,552,552.0
2048,2049,665,665.0
2049,2050,716,716.0
2050,2051,801,801.0
2051,2052,779,779.0
2052,2053,743,743.0
2053,2054,766,766.0
2054,2055,830,830.0
2055,2056,1007,1007.0
2056,2057,1114,1114.0
2057,2058,1048,1048.0
2058,2059,1247,1247.0
2059,2060,1078,1078.0
2060,2061,1122,1122.0
2061,2062,1130,1130.0
2062,2063,919,919.0
2063,2064,861,861.0
2064,2065,714,714.0
2065,2066,791,791.0
2066,2067,747,747.0
2067,2068,681,681.0
2068,2069,851,851.0
2069,2070,767,767.0
2070,2071,638,638.0
2071,2072,603,603.0
2072,2073,379,379.0
2073,2074,487,487.0
2074,2075,625,625.0
2075,2076,910,910.0
2076,2077,1051,1051.0
2077,2078,1309,1309.0
2078,2079,1245,1245.0
2079,2080,1122,1122.0
2080,2081,873,873.0
2081,2082,983,983.0
2082,2083,895,895.0
2083,2084,1207,1207.0
2084,2085,1413,1413.0
2085,2086,1297,1297.0
2086,2087,1504,1504.0
2087,2088,1124,1124.0
2088,2089,987,987.0
2089,2090,1215,1215.0
2090,2091,1205,1205.0
2091,2092,932,932.0
2092,2093,930,930.0
2093,2094,787,787.0
2094,2095,870,870.0
2095,2096,863,863.0
2096,2097,859,859.0
2097,2098,745,745.0
2098,2099,711,711.0
2099,2100,612,612.0
2100,2101,737,737.0
2101,2102,870,870.0
2102,2103,979,979.0
2103,2104,930,930.0
2104,2105,888,888.0
2105,2106,719,719.0
2106,2107,881,881.0
2107,2108,904,904.0
2108,2109,855,855.0
2109,2110,850,850.0
2110,2111,795,795.0
2111,2112,728,728.0
2112,2113,815,815.0
2113,2114,925,925.0
2114,2115,786,786.0
2115,2116,788,788.0
2116,2117,802,802.0
2117,2118,705,705.0
2118,2119,917,917.0
2119,2120,980,980.0
2120,2121,1022,1022.0
2121,2122,932,932.0
2122,2123,831,831.0
2123,2124,673,673.0
2124,2125,601,601.0
2125,2126,639,639.0
2126,2127,632,632.0
2127,2128,743,743.0
2128,2129,878,878.0
2129,2130,971,971.0
2130,2131,1291,1291.0
2131,2132,1255,1255.0
2132,2133,1134,1134.0
2133,2134,1012,1012.0
2134,2135,615,615.0
2135,2136,824,824.0
2136,2137,936,936.0
2137,2138,1452,1452.0
2138,2139,1616,1616.0
2139,2140,1583,1583.0
2140,2141,1612,1612.0
2141,2142,1487,1487.0
2142,2143,1428,1428.0
2143,2144,1118,1118.0
2144,2145,932,932.0
2145,2146,1016,1016.0
2146,2147,904,904.0
2147,2148,791,791.0
2148,2149,901,901.0
2149,2150,603,603.0
2150,2151,697,697.0
2151,2152,755,755.0
2152,2153,784,784.0
2153,2154,636,636.0
2154,2155,802,802.0
2155,2156,804,804.0
2156,2157,900,900.0
2157,2158,863,863.0
2158,2159,708,708.0
2159,2160,656,656.0
2160,2161,689,689.0
2161,2162,793,793.0
2162,2163,908,908.0
2163,2164,1152,1152.0
2164,2165,1159,1159.0
2165,2166,1153,1153.0
2166,2167,1107,1107.0
2167,2168,1018,1018.0
2168,2169,1179,1179.0
2169,2170,1290,1290.0
2170,2171,1277,1277.0
2171,2172,1232,1232.0
2172,2173,1125,1125.0
2173,2174,1130,1130.0
2174,2175,974,974.0
2175,2176,953,953.0
2176,2177,815,815.0
2177,2178,621,621.0
2178,2179,728,728.0
2179,2180,760,760.0
2180,2181,1172,1172.0
2181,2182,1425,1425.0
2182,2183,1462,1462.0
2183,2184,1366,1366.0
2184,2185,1280,1280.0
2185,2186,754,754.0
2186,2187,666,666.0
2187,2188,605,605.0
2188,2189,667,667.0
2189,2190,668,668.0
2190,2191,715,715.0
2191,2192,669,669.0
2192,2193,520,520.0
2193,2194,444,444.0
2194,2195,371,371.0
2195,2196,833,833.0
2196,2197,940,940.0
2197,2198,1100,1100.0
2198,2199,1160,1160.0
2199,2200,672,672.0
2200,2201,577,577.0
2201,2202,477,477.0
2202,2203,434,434.0
2203,2204,587,587.0
2204,2205,705,705.0
2205,2206,942,942.0
2206,2207,1025,1025.0
2207,2208,1236,1236.0
2208,2209,1254,1254.0
2209,2210,1176,1176.0
2210,2211,1186,1186.0
2211,2212,1012,1012.0
2212,2213,976,976.0
2213,2214,952,952.0
2214,2215,1126,1126.0
2215,2216,975,975.0
2216,2217,947,947.0
2217,2218,809,809.0
2218,2219,608,608.0
2219,2220,716,716.0
2220,2221,772,772.0
2221,2222,857,857.0
2222,2223,937,937.0
2223,2224,839,839.0
2224,2225,898,898.0
2225,2226,832,832.0
2226,2227,951,951.0
2227,2228,992,992.0
2228,2229,871,871.0
2229,2230,925,925.0
2230,2231,877,877.0
2231,2232,1002,1002.0
2232,2233,1144,1144.0
2233,2234,1135,1135.0
2234,2235,1076,1076.0
2235,2236,893,893.0
2236,2237,635,635.0
2237,2238,532,532.0
2238,2239,484,484.0
2239,2240,428,428.0
2240,2241,524,524.0
2241,2242,742,742.0
2242,2243,877,877.0
2243,2244,988,988.0
2244,2245,954,954.0
2245,2246,756,756.0
2246,2247,609,609.0
2247,2248,483,483.0
2248,2249,495,495.0
2249,2250,516,516.0
2250,2251,799,799.0
2251,2252,970,970.0
2252,2253,1295,1295.0
2253,2254,1460,1460.0
2254,2255,1388,1388.0
2255,2256,1304,1304.0
2256,2257,1033,1033.0
2257,2258,912,912.0
2258,2259,1065,1065.0
2259,2260,1087,1087.0
2260,2261,979,979.0
2261,2262,1211,1211.0
2262,2263,1093,1093.0
2263,2264,1110,1110.0
2264,2265,1353,1353.0
2265,2266,1209,1209.0
2266,2267,1048,1048.0
2267,2268,973,973.0
2268,2269,642,642.0
2269,2270,616,616.0
2270,2271,655,655.0
2271,2272,736,736.0
2272,2273,775,775.0
2273,2274,868,868.0
2274,2275,985,985.0
2275,2276,1023,1023.0
2276,2277,1157,1157.0
2277,2278,900,900.0
2278,2279,824,824.0
2279,2280,767,767.0
2280,2281,707,707.0
2281,2282,897,897.0
2282,2283,1028,1028.0
2283,2284,1020,1020.0
2284,2285,1059,1059.0
2285,2286,1236,1236.0
2286,2287,1076,1076.0
2287,2288,1116,1116.0
2288,2289,1024,1024.0
2289,2290,780,780.0
2290,2291,825,825.0
2291,2292,831,831.0
2292,2293,873,873.0
2293,2294,978,978.0
2294,2295,1054,1054.0
2295,2296,1157,1157.0
2296,2297,1121,1121.0
2297,2298,1013,1013.0
2298,2299,842,842.0
2299,2300,472,472.0
2300,2301,513,513.0
2301,2302,563,563.0
2302,2303,645,645.0
2303,2304,719,719.0
2304,2305,675,675.0
2305,2306,661,661.0
2306,2307,707,707.0
2307,2308,787,787.0
2308,2309,853,853.0
2309,2310,767,767.0
2310,2311,765,765.0
2311,2312,769,769.0
2312,2313,695,695.0
2313,2314,788,788.0
2314,2315,1037,1037.0
2315,2316,1057,1057.0
2316,2317,1038,1038.0
2317,2318,984,984.0
2318,2319,687,687.0
2319,2320,672,672.0
2320,2321,602,602.0
2321,2322,579,579.0
2322,2323,552,552.0
2323,2324,534,534.0
2324,2325,504,504.0
2325,2326,676,676.0
2326,2327,752,752.0
2327,2328,813,813.0
2328,2329,778,778.0
2329,2330,553,553.0
2330,2331,597,597.0
2331,2332,535,535.0
2332,2333,493,493.0
2333,2334,735,735.0
2334,2335,618,618.0
2335,2336,790,790.0
2336,2337,1486,1486.0
2337,2338,1988,1988.0
2338,2339,2021,2021.0
2339,2340,2037,2037.0
2340,2341,1582,1582.0
2341,2342,1005,1005.0
2342,2343,859,859.0
2343,2344,705,705.0
2344,2345,653,653.0
2345,2346,726,726.0
2346,2347,923,923.0
2347,2348,969,969.0
2348,2349,1059,1059.0
2349,2350,1049,1049.0
2350,2351,795,795.0
2351,2352,784,784.0
2352,2353,754,754.0
2353,2354,706,706.0
2354,2355,705,705.0
2355,2356,758,758.0
2356,2357,794,794.0
2357,2358,811,811.0
2358,2359,842,842.0
2359,2360,786,786.0
2360,2361,715,715.0
2361,2362,809,809.0
2362,2363,1030,1030.0
2363,2364,1199,1199.0
2364,2365,1399,1399.0
2365,2366,1335,1335.0
2366,2367,1326,1326.0
2367,2368,1180,1180.0
2368,2369,1112,1112.0
2369,2370,1043,1043.0
2370,2371,1050,1050.0
2371,2372,941,941.0
2372,2373,1101,1101.0
2373,2374,1194,1194.0
2374,2375,1219,1219.0
2375,2376,1260,1260.0
2376,2377,1224,1224.0
2377,2378,1030,1030.0
2378,2379,1182,1182.0
2379,2380,981,981.0
2380,2381,900,900.0
2381,2382,1044,1044.0
2382,2383,925,925.0
2383,2384,938,938.0
2384,2385,959,959.0
2385,2386,747,747.0
2386,2387,786,786.0
2387,2388,934,934.0
2388,2389,1348,1348.0
2389,2390,1530,1530.0
2390,2391,1512,1512.0
2391,2392,1384,1384.0
2392,2393,1393,1393.0
2393,2394,1295,1295.0
2394,2395,1153,1153.0
2395,2396,1170,1170.0
2396,2397,943,943.0
2397,2398,955,955.0
2398,2399,689,689.0
2399,2400,671,671.0
2400,2401,740,740.0
2401,2402,752,752.0
2402,2403,684,684.0
2403,2404,651,651.0
2404,2405,570,570.0
2405,2406,518,518.0
2406,2407,672,672.0
2407,2408,851,851.0
2408,2409,1055,1055.0
2409,2410,1175,1175.0
2410,2411,1121,1121.0
2411,2412,1040,1040.0
2412,2413,912,912.0
2413,2414,778,778.0
2414,2415,959,959.0
2415,2416,906,906.0
2416,2417,833,833.0
2417,2418,888,888.0
2418,2419,980,980.0
2419,2420,989,989.0
2420,2421,836,836.0
2421,2422,952,952.0
2422,2423,995,995.0
2423,2424,1076,1076.0
2424,2425,1077,1077.0
2425,2426,842,842.0
2426,2427,692,692.0
2427,2428,954,954.0
2428,2429,852,852.0
2429,2430,997,997.0
2430,2431,1153,1153.0
2431,2432,1100,1100.0
2432,2433,1221,1221.0
2433,2434,1226,1226.0
2434,2435,1150,1150.0
2435,2436,986,986.0
2436,2437,984,984.0
2437,2438,880,880.0
2438,2439,857,857.0
2439,2440,843,843.0
2440,2441,1149,1149.0
2441,2442,1386,1386.0
2442,2443,1503,1503.0
2443,2444,1507,1507.0
2444,2445,1189,1189.0
2445,2446,864,864.0
2446,2447,753,753.0
2447,2448,717,717.0
2448,2449,832,832.0
2449,2450,812,812.0
2450,2451,760,760.0
2451,2452,719,719.0
2452,2453,689,689.0
2453,2454,691,691.0
2454,2455,652,652.0
2455,2456,591,591.0
2456,2457,541,541.0
2457,2458,582,582.0
2458,2459,618,618.0
2459,2460,632,632.0
2460,2461,824,824.0
2461,2462,970,970.0
2462,2463,1030,1030.0
2463,2464,972,972.0
2464,2465,691,691.0
2465,2466,783,783.0
2466,2467,906,906.0
2467,2468,1039,1039.0
2468,2469,1152,1152.0
2469,2470,1294,1294.0
2470,2471,1225,1225.0
2471,2472,1098,1098.0
2472,2473,1051,1051.0
2473,2474,781,781.0
2474,2475,716,716.0
2475,2476,958,958.0
2476,2477,993,993.0
2477,2478,911,911.0
2478,2479,837,837.0
2479,2480,546,546.0
2480,2481,591,591.0
2481,2482,687,687.0
2482,2483,776,776.0
2483,2484,921,921.0
2484,2485,858,858.0
2485,2486,965,965.0
2486,2487,966,966.0
2487,2488,881,881.0
2488,2489,948,948.0
2489,2490,781,781.0
2490,2491,752,752.0
2491,2492,736,736.0
2492,2493,853,853.0
2493,2494,1002,1002.0
2494,2495,1054,1054.0
2495,2496,1064,1064.0
2496,2497,887,887.0
2497,2498,647,647.0
2498,2499,588,588.0
2499,2500,664,664.0
2500,2501,857,857.0
2501,2502,1206,1206.0
2502,2503,1274,1274.0
2503,2504,1854,1854.0
2504,2505,2080,2080.0
2505,2506,1893,1893.0
2506,2507,1849,1849.0
2507,2508,1317,1317.0
2508,2509,933,933.0
2509,2510,798,798.0
2510,2511,735,735.0
2511,2512,713,713.0
2512,2513,469,469.0
2513,2514,394,394.0
2514,2515,440,440.0
2515,2516,643,643.0
2516,2517,739,739.0
2517,2518,815,815.0
2518,2519,942,942.0
2519,2520,886,886.0
2520,2521,976,976.0
2521,2522,982,982.0
2522,2523,890,890.0
2523,2524,1058,1058.0
2524,2525,1038,1038.0
2525,2526,1119,1119.0
2526,2527,1071,1071.0
2527,2528,950,950.0
2528,2529,651,651.0
2529,2530,472,472.0
2530,2531,509,509.0
2531,2532,610,610.0
2532,2533,930,930.0
2533,2534,1107,1107.0
2534,2535,1001,1001.0
2535,2536,905,905.0
2536,2537,564,564.0
2537,2538,503,503.0
2538,2539,536,536.0
2539,2540,500,500.0
2540,2541,523,523.0
2541,2542,497,497.0
2542,2543,604,604.0
2543,2544,828,828.0
2544,2545,927,927.0
2545,2546,1121,1121.0
2546,2547,1116,1116.0
2547,2548,1254,1254.0
2548,2549,1259,1259.0
2549,2550,1111,1111.0
2550,2551,1330,1330.0
2551,2552,1157,1157.0
2552,2553,1062,1062.0
2553,2554,936,936.0
2554,2555,747,747.0
2555,2556,817,817.0
2556,2557,811,811.0
2557,2558,848,848.0
2558,2559,818,818.0
2559,2560,689,689.0
2560,2561,964,964.0
2561,2562,1227,1227.0
2562,2563,1297,1297.0
2563,2564,1223,1223.0
2564,2565,1301,1301.0
2565,2566,888,888.0
2566,2567,807,807.0
2567,2568,999,999.0
2568,2569,919,919.0
2569,2570,849,849.0
2570,2571,860,860.0
2571,2572,666,666.0
2572,2573,644,644.0
2573,2574,607,607.0
2574,2575,624,624.0
2575,2576,676,676.0
2576,2577,648,648.0
2577,2578,660,660.0
2578,2579,637,637.0
2579,2580,581,581.0
2580,2581,612,612.0
2581,2582,674,674.0
2582,2583,587,587.0
2583,2584,537,537.0
2584,2585,533,533.0
2585,2586,490,490.0
2586,2587,534,534.0
2587,2588,530,530.0
2588,2589,456,456.0
2589,2590,363,363.0
2590,2591,446,446.0
2591,2592,580,580.0
2592,2593,687,687.0
2593,2594,811,811.0
2594,2595,973,973.0
2595,2596,933,933.0
2596,2597,991,991.0
2597,2598,962,962.0
2598,2599,802,802.0
2599,2600,815,815.0
2600,2601,681,681.0
2601,2602,556,556.0
2602,2603,534,534.0
2603,2604,591,591.0
2604,2605,668,668.0
2605,2606,701,701.0
2606,2607,938,938.0
2607,2608,893,893.0
2608,2609,835,835.0
2609,2610,839,839.0
2610,2611,1072,1072.0
2611,2612,1189,1189.0
2612,2613,989,989.0
2613,2614,917,917.0
2614,2615,963,963.0
2615,2616,871,871.0
2616,2617,810,810.0
2617,2618,1002,1002.0
2618,2619,1021,1021.0
2619,2620,1097,1097.0
2620,2621,1198,1198.0
2621,2622,1050,1050.0
2622,2623,997,997.0
2623,2624,592,592.0
2624,2625,445,445.0
2625,2626,391,391.0
2626,2627,393,393.0
2627,2628,484,484.0
2628,2629,621,621.0
2629,2630,1010,1010.0
2630,2631,1162,1162.0
2631,2632,1259,1259.0
2632,2633,1403,1403.0
2633,2634,1359,1359.0
2634,2635,1415,1415.0
2635,2636,1060,1060.0
2636,2637,977,977.0
2637,2638,859,859.0
2638,2639,667,667.0
2639,2640,776,776.0
2640,2641,814,814.0
2641,2642,795,795.0
2642,2643,1096,1096.0
2643,2644,1144,1144.0
2644,2645,1130,1130.0
2645,2646,1189,1189.0
2646,2647,856,856.0
2647,2648,624,624.0
2648,2649,530,530.0
2649,2650,485,485.0
2650,2651,529,529.0
2651,2652,639,639.0
2652,2653,767,767.0
2653,2654,857,857.0
2654,2655,895,895.0
2655,2656,860,860.0
2656,2657,735,735.0
2657,2658,704,704.0
2658,2659,706,706.0
2659,2660,633,633.0
2660,2661,784,784.0
2661,2662,678,678.0
2662,2663,1274,1274.0
2663,2664,1782,1782.0
2664,2665,1868,1868.0
2665,2666,1804,1804.0
2666,2667,1350,1350.0
2667,2668,743,743.0
2668,2669,725,725.0
2669,2670,647,647.0
2670,2671,765,765.0
2671,2672,819,819.0
2672,2673,796,796.0
2673,2674,1059,1059.0
2674,2675,1096,1096.0
2675,2676,1096,1096.0
2676,2677,1371,1371.0
2677,2678,1169,1169.0
2678,2679,1040,1040.0
2679,2680,954,954.0
2680,2681,639,639.0
2681,2682,494,494.0
2682,2683,526,526.0
2683,2684,655,655.0
2684,2685,787,787.0
2685,2686,854,854.0
2686,2687,872,872.0
2687,2688,734,734.0
2688,2689,683,683.0
2689,2690,765,765.0
2690,2691,1055,1055.0
2691,2692,1079,1079.0
2692,2693,1054,1054.0
2693,2694,1180,1180.0
2694,2695,1173,1173.0
2695,2696,846,846.0
2696,2697,785,785.0
2697,2698,483,483.0
2698,2699,431,431.0
2699,2700,482,482.0
2700,2701,615,615.0
2701,2702,680,680.0
2702,2703,956,956.0
2703,2704,879,879.0
2704,2705,781,781.0
2705,2706,807,807.0
2706,2707,606,606.0
2707,2708,694,694.0
2708,2709,889,889.0
2709,2710,908,908.0
2710,2711,884,884.0
2711,2712,902,902.0
2712,2713,728,728.0
2713,2714,779,779.0
2714,2715,740,740.0
2715,2716,794,794.0
2716,2717,926,926.0
2717,2718,941,941.0
2718,2719,1015,1015.0
2719,2720,929,929.0
2720,2721,731,731.0
2721,2722,718,718.0
2722,2723,790,790.0
2723,2724,709,709.0
2724,2725,1005,1005.0
2725,2726,1155,1155.0
2726,2727,902,902.0
2727,2728,852,852.0
2728,2729,569,569.0
2729,2730,703,703.0
2730,2731,828,828.0
2731,2732,877,877.0
2732,2733,925,925.0
2733,2734,840,840.0
2734,2735,849,849.0
2735,2736,1131,1131.0
2736,2737,1167,1167.0
2737,2738,1106,1106.0
2738,2739,1040,1040.0
2739,2740,713,713.0
2740,2741,629,629.0
2741,2742,585,585.0
2742,2743,830,830.0
2743,2744,884,884.0
2744,2745,874,874.0
2745,2746,802,802.0
2746,2747,704,704.0
2747,2748,737,737.0
2748,2749,766,766.0
2749,2750,920,920.0
2750,2751,948,948.0
2751,2752,823,823.0
2752,2753,878,878.0
2753,2754,734,734.0
2754,2755,745,745.0
2755,2756,847,847.0
2756,2757,1051,1051.0
2757,2758,1189,1189.0
2758,2759,1195,1195.0
2759,2760,1401,1401.0
2760,2761,1473,1473.0
2761,2762,1331,1331.0
2762,2763,1304,1304.0
2763,2764,1334,1334.0
2764,2765,855,855.0
2765,2766,771,771.0
2766,2767,721,721.0
2767,2768,655,655.0
2768,2769,858,858.0
2769,2770,794,794.0
2770,2771,759,759.0
2771,2772,949,949.0
2772,2773,829,829.0
2773,2774,1019,1019.0
2774,2775,1178,1178.0
2775,2776,1264,1264.0
2776,2777,1083,1083.0
2777,2778,1088,1088.0
2778,2779,798,798.0
2779,2780,573,573.0
2780,2781,528,528.0
2781,2782,447,447.0
2782,2783,589,589.0
2783,2784,721,721.0
2784,2785,809,809.0
2785,2786,1122,1122.0
2786,2787,1048,1048.0
2787,2788,919,919.0
2788,2789,898,898.0
2789,2790,675,675.0
2790,2791,747,747.0
2791,2792,861,861.0
2792,2793,863,863.0
2793,2794,680,680.0
2794,2795,428,428.0
2795,2796,167,167.0
